[
                {
                 "gid":3,
                 "height":33,
                 "id":2,
                 "name":"",
                 "rotation":0,
                 "type":"",
                 "visible":true,
                 "width":761.333333333333,
                 "x":-0.363636363636367,
                 "y":1192.75757575758
                }, 
                {
                 "gid":3,
                 "height":33,
                 "id":3,
                 "name":"",
                 "rotation":0,
                 "type":"",
                 "visible":true,
                 "width":249.212121212121,
                 "x":193.575757575758,
                 "y":1056.39393939394
                }, 
                {
                 "gid":3,
                 "height":33,
                 "id":4,
                 "name":"",
                 "rotation":0,
                 "type":"",
                 "visible":true,
                 "width":297.69696969697,
                 "x":454.181818181818,
                 "y":953.363636363636
                }, 
                {
                 "gid":3,
                 "height":33,
                 "id":6,
                 "name":"",
                 "rotation":0,
                 "type":"",
                 "visible":true,
                 "width":200.727272727273,
                 "x":236,
                 "y":829.121212121212
                }, 
                {
                 "gid":3,
                 "height":33,
                 "id":7,
                 "name":"",
                 "rotation":0,
                 "type":"",
                 "visible":true,
                 "width":497.69696969697,
                 "x":257.212121212121,
                 "y":647.30303030303
                }, 
                {
                 "gid":3,
                 "height":33,
                 "id":8,
                 "name":"",
                 "rotation":0,
                 "type":"",
                 "visible":true,
                 "width":352.242424242424,
                 "x":399.636363636364,
                 "y":265.484848484848
                }, 
                {
                 "gid":3,
                 "height":33,
                 "id":9,
                 "name":"",
                 "rotation":0,
                 "type":"",
                 "visible":true,
                 "width":288.606060606061,
                 "x":23.8787878787879,
                 "y":398.818181818182
                }, 
                {
                 "gid":3,
                 "height":33,
                 "id":11,
                 "name":"",
                 "rotation":0,
                 "type":"",
                 "visible":true,
                 "width":291.636363636364,
                 "x":5.69696969696967,
                 "y":162.454545454545
                }, 
                {
                 "gid":5,
                 "height":61,
                 "id":12,
                 "name":"spikes",
                 "rotation":0,
                 "type":"",
                 "visible":true,
                 "width":140,
                 "x":123.939393939394,
                 "y":1161.30303030303
                }, 
                {
                 "gid":5,
                 "height":61,
                 "id":13,
                 "name":"spikes",
                 "rotation":0,
                 "type":"",
                 "visible":true,
                 "width":140,
                 "x":266.363636363636,
                 "y":1161.30303030303
                }, 
                {
                 "gid":5,
                 "height":61,
                 "id":14,
                 "name":"spikes",
                 "rotation":0,
                 "type":"",
                 "visible":true,
                 "width":140,
                 "x":599.69696969697,
                 "y":918.878787878788
                }, 
                {
                 "gid":1,
                 "height":99,
                 "id":15,
                 "name":"",
                 "rotation":0,
                 "type":"",
                 "visible":true,
                 "width":100,
                 "x":74.2424242424243,
                 "y":859.090909090909
                }, 
                {
                 "gid":1,
                 "height":99,
                 "id":16,
                 "name":"",
                 "rotation":0,
                 "type":"",
                 "visible":true,
                 "width":100,
                 "x":465.151515151515,
                 "y":574.242424242424
                }, 
                {
                 "gid":5,
                 "height":61,
                 "id":17,
                 "name":"spikes",
                 "rotation":0,
                 "type":"",
                 "visible":true,
                 "width":140,
                 "x":578.484848484848,
                 "y":615.848484848485
                }, 
                {
                 "gid":5,
                 "height":61,
                 "id":18,
                 "name":"spikes",
                 "rotation":0,
                 "type":"",
                 "visible":true,
                 "width":140,
                 "x":17.8787878787878,
                 "y":364.333333333333
                }, 
                {
                 "gid":5,
                 "height":61,
                 "id":19,
                 "name":"spikes",
                 "rotation":180,
                 "type":"",
                 "visible":true,
                 "width":140,
                 "x":423.939393939394,
                 "y":327.969696969697
                }, 
                {
                 "gid":5,
                 "height":61,
                 "id":20,
                 "name":"spikes",
                 "rotation":180,
                 "type":"",
                 "visible":true,
                 "width":140,
                 "x":560.30303030303,
                 "y":324.939393939394
                }, 
                {
                 "gid":5,
                 "height":61,
                 "id":21,
                 "name":"spikes",
                 "rotation":0,
                 "type":"",
                 "visible":true,
                 "width":140,
                 "x":420.909090909091,
                 "y":1161.30303030303
                }, 
                {
                 "gid":5,
                 "height":61,
                 "id":22,
                 "name":"spikes",
                 "rotation":0,
                 "type":"",
                 "visible":true,
                 "width":140,
                 "x":569.393939393939,
                 "y":1158.27272727273
                }, 
                {
                 "gid":4,
                 "height":51,
                 "id":23,
                 "name":"",
                 "rotation":0,
                 "type":"",
                 "visible":true,
                 "width":34,
                 "x":31.4848484848485,
                 "y":132.060606060606
                }
]