[
                {
                 "gid":3,
                 "height":33,
                 "id":3,
                 "name":"",
                 "rotation":0,
                 "type":"",
                 "visible":true,
                 "width":757.488,
                 "x":-0.628734,
                 "y":1189.37
                }, 
                {
                 "gid":3,
                 "height":33,
                 "id":4,
                 "name":"",
                 "rotation":0,
                 "type":"",
                 "visible":true,
                 "width":263.192034139403,
                 "x":-2.74111106685631,
                 "y":940.111721194879
                }, 
                {
                 "gid":3,
                 "height":33,
                 "id":5,
                 "name":"",
                 "rotation":0,
                 "type":"",
                 "visible":true,
                 "width":248.405405405405,
                 "x":193.709860597439,
                 "y":1066.85089473684
                }, 
                {
                 "gid":1,
                 "height":100,
                 "id":10,
                 "name":"bumper",
                 "rotation":0,
                 "type":"",
                 "visible":true,
                 "width":100,
                 "x":30.8316998577525,
                 "y":527.397349928876
                }, 
                {
                 "gid":5,
                 "height":61,
                 "id":20,
                 "name":"spikes",
                 "rotation":0,
                 "type":"",
                 "visible":true,
                 "width":140,
                 "x":-2.40358321479376,
                 "y":907.63493598862
                }, 
                {
                 "gid":5,
                 "height":61,
                 "id":23,
                 "name":"spikes",
                 "rotation":0,
                 "type":"",
                 "visible":true,
                 "width":140,
                 "x":610.185,
                 "y":1159.01
                }, 
                {
                 "gid":5,
                 "height":61,
                 "id":24,
                 "name":"spikes",
                 "rotation":0,
                 "type":"",
                 "visible":true,
                 "width":140,
                 "x":470.768,
                 "y":1161.12
                }, 
                {
                 "gid":1,
                 "height":100,
                 "id":26,
                 "name":"bumper",
                 "rotation":0,
                 "type":"",
                 "visible":true,
                 "width":100,
                 "x":536.116341394025,
                 "y":345.732779516359
                }, 
                {
                 "gid":5,
                 "height":61,
                 "id":27,
                 "name":"spikes",
                 "rotation":0,
                 "type":"",
                 "visible":true,
                 "width":140,
                 "x":620.747173541963,
                 "y":694.286207681366
                }, 
                {
                 "gid":3,
                 "height":33,
                 "id":29,
                 "name":"",
                 "rotation":0,
                 "type":"",
                 "visible":true,
                 "width":288.54054054054,
                 "x":309.890469416785,
                 "y":823.927453769559
                }, 
                {
                 "gid":3,
                 "height":33,
                 "id":30,
                 "name":"",
                 "rotation":0,
                 "type":"",
                 "visible":true,
                 "width":134.337126600284,
                 "x":630.971550497866,
                 "y":610.577524893314
                }, 
                {
                 "gid":3,
                 "height":33,
                 "id":31,
                 "name":"",
                 "rotation":0,
                 "type":"",
                 "visible":true,
                 "width":197.708392603129,
                 "x":548.588904694168,
                 "y":724.645803698435
                }, 
                {
                 "gid":3,
                 "height":33,
                 "id":32,
                 "name":"",
                 "rotation":0,
                 "type":"",
                 "visible":true,
                 "width":216.719772403983,
                 "x":242.294452347084,
                 "y":346.530583214794
                }, 
                {
                 "gid":3,
                 "height":33,
                 "id":33,
                 "name":"",
                 "rotation":0,
                 "type":"",
                 "visible":true,
                 "width":402.608819345661,
                 "x":195.822190611664,
                 "y":494.396870554765
                }, 
                {
                 "gid":5,
                 "height":61,
                 "id":34,
                 "name":"spikes",
                 "rotation":180,
                 "type":"",
                 "visible":true,
                 "width":140,
                 "x":407.397244665718,
                 "y":554.869422475107
                }, 
                {
                 "gid":5,
                 "height":61,
                 "id":35,
                 "name":"spikes",
                 "rotation":180,
                 "type":"",
                 "visible":true,
                 "width":140,
                 "x":272.205210526316,
                 "y":554.869422475107
                }, 
                {
                 "gid":3,
                 "height":33,
                 "id":36,
                 "name":"",
                 "rotation":0,
                 "type":"",
                 "visible":true,
                 "width":406.833570412518,
                 "x":3.59601706970129,
                 "y":162.753911806544
                }, 
                {
                 "gid":5,
                 "height":61,
                 "id":37,
                 "name":"spikes",
                 "rotation":0,
                 "type":"",
                 "visible":true,
                 "width":140,
                 "x":453.868995732575,
                 "y":789.341906116643
                }, 
                {
                 "gid":5,
                 "height":61,
                 "id":38,
                 "name":"spikes",
                 "rotation":180,
                 "type":"",
                 "visible":true,
                 "width":140,
                 "x":10.2706443812234,
                 "y":223.226463726885
                }, 
                {
                 "gid":3,
                 "height":33,
                 "id":40,
                 "name":"",
                 "rotation":0,
                 "type":"",
                 "visible":true,
                 "width":204.045519203414,
                 "x":552.813655761024,
                 "y":33.8990042674253
                }, 
                {
                 "gid":3,
                 "height":33,
                 "id":41,
                 "name":"",
                 "rotation":-90,
                 "type":"",
                 "visible":true,
                 "width":193.483641536273,
                 "x":759.826458036984,
                 "y":230.349928876245
                }, 
                {
                 "gid":5,
                 "height":61,
                 "id":42,
                 "name":"spikes",
                 "rotation":180,
                 "type":"",
                 "visible":true,
                 "width":140,
                 "x":565.825409672831,
                 "y":94.3715561877666
                }, 
                {
                 "gid":5,
                 "height":61,
                 "id":43,
                 "name":"spikes",
                 "rotation":-90,
                 "type":"",
                 "visible":true,
                 "width":140,
                 "x":730,
                 "y":220.4725519203412
                }, 
                {
                 "gid":4,
                 "height":51,
                 "id":44,
                 "name":"",
                 "rotation":0,
                 "type":"",
                 "visible":true,
                 "width":34,
                 "x":31.5846372688478,
                 "y":131.618776671408
                }, 
                {
                 "gid":5,
                 "height":61,
                 "id":48,
                 "name":"spikes",
                 "rotation":0,
                 "type":"",
                 "visible":true,
                 "width":140,
                 "x":335.575965860597,
                 "y":1161.12
                }]