[
                {
                 "gid":3,
                 "height":33,
                 "id":2,
                 "name":"",
                 "rotation":0,
                 "type":"",
                 "visible":true,
                 "width":753.263,
                 "x":-0.628734,
                 "y":1187.26
                }, 
                {
                 "gid":3,
                 "height":33,
                 "id":3,
                 "name":"",
                 "rotation":0,
                 "type":"",
                 "visible":true,
                 "width":128,
                 "x":7.82076553342817,
                 "y":1052.06524893314
                }, 
                {
                 "gid":3,
                 "height":33,
                 "id":4,
                 "name":"",
                 "rotation":0,
                 "type":"",
                 "visible":true,
                 "width":332.9,
                 "x":172.585877667141,
                 "y":937.995628733997
                }, 
                {
                 "gid":3,
                 "height":33,
                 "id":5,
                 "name":"",
                 "rotation":0,
                 "type":"",
                 "visible":true,
                 "width":235.730742532006,
                 "x":204.272126600284,
                 "y":739.432628733997
                }, 
                {
                 "gid":1,
                 "height":99,
                 "id":6,
                 "name":"bumper",
                 "rotation":0,
                 "type":"",
                 "visible":true,
                 "width":100,
                 "x":545.69013086771,
                 "y":907.624257467994
                }, 
                {
                 "gid":3,
                 "height":33,
                 "id":8,
                 "name":"",
                 "rotation":0,
                 "type":"",
                 "visible":true,
                 "width":444.856,
                 "x":299.329,
                 "y":528.195
                }, 
                {
                 "gid":3,
                 "height":33,
                 "id":9,
                 "name":"",
                 "rotation":0,
                 "type":"",
                 "visible":true,
                 "width":153.349,
                 "x":603.510877667141,
                 "y":418.35113086771
                }, 
                {
                 "gid":3,
                 "height":33,
                 "id":10,
                 "name":"",
                 "rotation":0,
                 "type":"",
                 "visible":true,
                 "width":518.789840682788,
                 "x":18.3822859174965,
                 "y":327.519624466572
                }, 
                {
                 "gid":3,
                 "height":33,
                 "id":13,
                 "name":"",
                 "rotation":0,
                 "type":"",
                 "visible":true,
                 "width":144.899004267425,
                 "x":238.069375533428,
                 "y":232.462375533428
                }, 
                {
                 "gid":3,
                 "height":33,
                 "id":14,
                 "name":"",
                 "rotation":0,
                 "type":"",
                 "visible":true,
                 "width":185.034502133713,
                 "x":-4.85350640113798,
                 "y":162.754
                }, 
                {
                 "gid":5,
                 "height":61,
                 "id":16,
                 "name":"spikes",
                 "rotation":0,
                 "type":"",
                 "visible":true,
                 "width":140,
                 "x":601.735,
                 "y":1159.01
                }, 
                {
                 "gid":1,
                 "height":99,
                 "id":23,
                 "name":"bumper",
                 "rotation":0,
                 "type":"",
                 "visible":true,
                 "width":100,
                 "x":72.5178287339972,
                 "y":715.398755334282
                }, 
                {
                 "gid":5,
                 "height":61,
                 "id":25,
                 "name":"spikes",
                 "rotation":0,
                 "type":"",
                 "visible":true,
                 "width":140,
                 "x":472.881,
                 "y":1156.9
                }, 
                {
                 "gid":5,
                 "height":61,
                 "id":26,
                 "name":"spikes",
                 "rotation":0,
                 "type":"",
                 "visible":true,
                 "width":140,
                 "x":341.913,
                 "y":1156.9
                }, 
                {
                 "gid":5,
                 "height":61,
                 "id":27,
                 "name":"spikes",
                 "rotation":0,
                 "type":"",
                 "visible":true,
                 "width":140,
                 "x":257.417755334282,
                 "y":924.534755334282
                }, 
                {
                 "gid":5,
                 "height":61,
                 "id":28,
                 "name":"spikes",
                 "rotation":180,
                 "type":"",
                 "visible":true,
                 "width":140,
                 "x":599.623,
                 "y":586.555
                }, 
                {
                 "gid":5,
                 "height":61,
                 "id":29,
                 "name":"spikes",
                 "rotation":180,
                 "type":"",
                 "visible":true,
                 "width":140,
                 "x":466.543,
                 "y":586.555
                }, 
                {
                 "gid":4,
                 "height":51,
                 "id":31,
                 "name":"spring",
                 "rotation":0,
                 "type":"",
                 "visible":true,
                 "width":34,
                 "x":31.5846159317212,
                 "y":131.619
                }, 
                {
                 "gid":5,
                 "height":61,
                 "id":33,
                 "name":"spikes",
                 "rotation":0,
                 "type":"",
                 "visible":true,
                 "width":140,
                 "x":599.622591749644,
                 "y":495.722522048364
                }, 
                {
                 "gid":5,
                 "height":61,
                 "id":34,
                 "name":"spikes",
                 "rotation":0,
                 "type":"",
                 "visible":true,
                 "width":140,
                 "x":276.429135135135,
                 "y":295.046846372688
                }, 
                {
                 "gid":5,
                 "height":61,
                 "id":37,
                 "name":"spikes",
                 "rotation":180,
                 "type":"",
                 "visible":true,
                 "width":140,
                 "x":14.4946358463726,
                 "y":383.766948790896
                }, 
                {
                 "gid":5,
                 "height":61,
                 "id":38,
                 "name":"spikes",
                 "rotation":0,
                 "type":"",
                 "visible":true,
                 "width":140,
                 "x":8.15750924608817,
                 "y":295.047176386913
                }, 
                {
                 "gid":5,
                 "height":61,
                 "id":39,
                 "name":"spikes",
                 "rotation":0,
                 "type":"",
                 "visible":true,
                 "width":140,
                 "x":141.237167852063,
                 "y":295.047176386913
                }]